timestamp,date,pressure,humidity,battery,lux,dB,run_time,mslPressure,lqi,nbFrames,PM2_5,PM10,PM1_0,temperature_int,temperature,NO2,O3
1700524894,2023-11-21T00:01:34+0000,,,,,,,,,,,,,7.4,8.1,15.64861156651,44.822401294475
1700524988,2023-11-21T00:03:08+0000,,,,,,,,,,1,1,1,,,,
1700525494,2023-11-21T00:11:34+0000,,,,,,,,,,,,,7.5,8.1,16.326668719659,44.777035260821
1700525495,2023-11-21T00:11:35+0000,,,,,,,,2,3,,,,,,,
1700525783,2023-11-21T00:16:23+0000,1019.6,120.7,3970,0,55,,1019.6,,,,,,,,,
1700526137,2023-11-21T00:22:17+0000,,,,,,,,,,,,,7.3,8,16.869983190144,43.600989242164
1700526188,2023-11-21T00:23:08+0000,,,,,,,,,,0,0,0,,,,
1700526189,2023-11-21T00:23:09+0000,,,,,,,,2,3,,,,,,,
1700526737,2023-11-21T00:32:17+0000,,,,,,,,,,,,,7.3,8,16.652015953464,44.00875168609
1700526738,2023-11-21T00:32:18+0000,,,,,,,,2,3,,,,,,,
1700527380,2023-11-21T00:43:00+0000,,,,,,,,,,,,,7.2,7.9,16.596722333686,43.6844144627
1700527518,2023-11-21T00:45:18+0000,,,,,,,,,,0,0,0,,,,
1700527583,2023-11-21T00:46:23+0000,1019.6,121.9,3970,0,59,525600,1019.6,,,,,,,,,
1700527584,2023-11-21T00:46:24+0000,,,,,,,,2,3,,,,,,,
1700527980,2023-11-21T00:53:00+0000,,,,,,,,,,,,,7.3,7.9,17.18136495683,43.532123573626
1700527981,2023-11-21T00:53:01+0000,,,,,,,,2,3,,,,,,,
1700528624,2023-11-21T01:03:44+0000,,,,,,,,,,,,,7.2,7.9,16.876965923704,43.477980119945
1700528718,2023-11-21T01:05:18+0000,,,,,,,,,,0,0,0,,,,
1700529224,2023-11-21T01:13:44+0000,,,,,,,,,,,,,7.3,7.9,16.96339772015,43.391588752174
1700529225,2023-11-21T01:13:45+0000,,,,,,,,2,3,,,,,,,
1700529512,2023-11-21T01:18:32+0000,1020.1,121.3,3970,0,55,,1020.1,,,,,,,,,
1700529867,2023-11-21T01:24:27+0000,,,,,,,,,,,,,7.1,7.7,17.133054070612,42.684098457163
1700529918,2023-11-21T01:25:18+0000,,,,,,,,,,0,0,0,,,,
1700529919,2023-11-21T01:25:19+0000,,,,,,,,2,3,,,,,,,
1700530467,2023-11-21T01:34:27+0000,,,,,,,,,,,,,7.1,7.6,17.226468600618,42.622316461698
1700530468,2023-11-21T01:34:28+0000,,,,,,,,2,3,,,,,,,
1700531110,2023-11-21T01:45:10+0000,,,,,,,,,,,,,6.9,7.6,17.427263127748,41.978585593642
1700531247,2023-11-21T01:47:27+0000,,,,,,,,,,0,0,0,,,,
1700531312,2023-11-21T01:48:32+0000,1020.8,123,3970,0,51,529200,1020.8,,,,,,,,,
1700531313,2023-11-21T01:48:33+0000,,,,,,,,2,3,,,,,,,
1700531710,2023-11-21T01:55:10+0000,,,,,,,,,,,,,6.9,7.5,17.240434067737,42.05997287185
1700531711,2023-11-21T01:55:11+0000,,,,,,,,2,3,,,,,,,
1700532354,2023-11-21T02:05:54+0000,,,,,,,,,,,,,6.7,7.4,17.721472184884,41.220351839219
1700532447,2023-11-21T02:07:27+0000,,,,,,,,,,0,0,0,,,,
1700532954,2023-11-21T02:15:54+0000,,,,,,,,,,,,,6.8,7.5,18.05700939468,41.644035887084
1700532955,2023-11-21T02:15:55+0000,,,,,,,,2,3,,,,,,,
1700533245,2023-11-21T02:20:45+0000,1020.8,123.8,3970,0,55,,1020.8,,,,,,,,,
1700533597,2023-11-21T02:26:37+0000,,,,,,,,,,,,,6.7,7.4,18.624479308274,40.707479308502
1700533647,2023-11-21T02:27:27+0000,,,,,,,,,,0,0,0,,,,
1700533648,2023-11-21T02:27:28+0000,,,,,,,,2,3,,,,,,,
1700534197,2023-11-21T02:36:37+0000,,,,,,,,,,,,,6.8,7.4,17.901318511337,41.662652454083
1700534198,2023-11-21T02:36:38+0000,,,,,,,,2,3,,,,,,,
1700534839,2023-11-21T02:47:19+0000,,,,,,,,,,,,,6.7,7.4,18.562202954937,40.7908440182
1700534977,2023-11-21T02:49:37+0000,,,,,,,,,,0,0,0,,,,
1700535045,2023-11-21T02:50:45+0000,1021.3,124,3970,0,52,532800,1021.3,,,,,,,,,
1700535046,2023-11-21T02:50:46+0000,,,,,,,,2,3,,,,,,,
1700535439,2023-11-21T02:57:19+0000,,,,,,,,,,,,,6.8,7.4,18.243838454691,41.320132510728
1700535440,2023-11-21T02:57:20+0000,,,,,,,,2,3,,,,,,,
1700536086,2023-11-21T03:08:06+0000,,,,,,,,,,,,,6.6,7.2,17.479349505095,40.798150864971
1700536177,2023-11-21T03:09:37+0000,,,,,,,,,,0,0,0,,,,
1700536686,2023-11-21T03:18:06+0000,,,,,,,,,,,,,6.5,7,17.548608591992,40.46524689489
1700536687,2023-11-21T03:18:07+0000,,,,,,,,2,3,,,,,,,
1700536971,2023-11-21T03:22:51+0000,1021.8,126.7,3970,0,47,,1021.8,,,,,,,,,
1700537325,2023-11-21T03:28:45+0000,,,,,,,,,,,,,6.3,7,18.558995712506,39.728927549713
1700537377,2023-11-21T03:29:37+0000,,,,,,,,,,1,1,0,,,,
1700537378,2023-11-21T03:29:38+0000,,,,,,,,2,3,,,,,,,
1700537925,2023-11-21T03:38:45+0000,,,,,,,,,,,,,6.3,6.8,18.029646709139,39.804876891324
1700537926,2023-11-21T03:38:46+0000,,,,,,,,2,3,,,,,,,
1700538568,2023-11-21T03:49:28+0000,,,,,,,,,,,,,6,6.4,17.614660436457,38.996617209059
1700538705,2023-11-21T03:51:45+0000,,,,,,,,,,0,0,0,,,,
1700538771,2023-11-21T03:52:51+0000,1021.9,131.9,3970,0,48,536400,1021.9,,,,,,,,,
1700538772,2023-11-21T03:52:52+0000,,,,,,,,2,3,,,,,,,
1700539168,2023-11-21T03:59:28+0000,,,,,,,,,,,,,6,6.6,18.89132567987,39.132871841812
1700539169,2023-11-21T03:59:29+0000,,,,,,,,2,3,,,,,,,
1700539811,2023-11-21T04:10:11+0000,,,,,,,,,,,,,5.9,6.6,19.521071946801,38.218392335336
1700539905,2023-11-21T04:11:45+0000,,,,,,,,,,0,0,0,,,,
1700540411,2023-11-21T04:20:11+0000,,,,,,,,,,,,,6,6.5,19.140431093219,38.556896904873
1700540412,2023-11-21T04:20:12+0000,,,,,,,,2,3,,,,,,,
1700540699,2023-11-21T04:24:59+0000,1022.3,132,3970,0,53,,1022.3,,,,,,,,,
1700541054,2023-11-21T04:30:54+0000,,,,,,,,,,,,,5.8,6.5,19.403501973686,37.798168792577
1700541105,2023-11-21T04:31:45+0000,,,,,,,,,,0,0,0,,,,
1700541106,2023-11-21T04:31:46+0000,,,,,,,,2,3,,,,,,,
1700541654,2023-11-21T04:40:54+0000,,,,,,,,,,,,,5.8,6.4,19.652607387035,37.28545892472
1700541655,2023-11-21T04:40:55+0000,,,,,,,,2,3,,,,,,,
1700542299,2023-11-21T04:51:39+0000,,,,,,,,,,,,,5.6,6.2,18.296493080735,37.428911882928
1700542433,2023-11-21T04:53:53+0000,,,,,,,,,,0,0,0,,,,
1700542499,2023-11-21T04:54:59+0000,1022.8,135,3970,0,48,540000,1022.8,,,,,,,,,
1700542500,2023-11-21T04:55:00+0000,,,,,,,,2,3,,,,,,,
1700542899,2023-11-21T05:01:39+0000,,,,,,,,,,,,,5.4,5.7,17.812247721157,36.911379458023
1700542900,2023-11-21T05:01:40+0000,,,,,,,,2,3,,,,,,,
1700543539,2023-11-21T05:12:19+0000,,,,,,,,,,,,,5,5.5,18.090589412755,35.882818685051
1700543633,2023-11-21T05:13:53+0000,,,,,,,,,,1,1,1,,,,
1700544139,2023-11-21T05:22:19+0000,,,,,,,,,,,,,5.1,5.6,18.930716740042,37.496524274686
1700544140,2023-11-21T05:22:20+0000,,,,,,,,2,3,,,,,,,
1700544426,2023-11-21T05:27:06+0000,1023.1,142.1,3970,0,48,,1023.1,,,,,,,,,
1700544782,2023-11-21T05:33:02+0000,,,,,,,,,,,,,5,5.8,20.855237170558,35.432769328649
1700544833,2023-11-21T05:33:53+0000,,,,,,,,,,0,0,0,,,,
1700544834,2023-11-21T05:33:54+0000,,,,,,,,2,3,,,,,,,
1700545382,2023-11-21T05:43:02+0000,,,,,,,,,,,,,5.2,5.8,20.641897470471,36.08990651702
1700545383,2023-11-21T05:43:03+0000,,,,,,,,2,3,,,,,,,
1700546027,2023-11-21T05:53:47+0000,,,,,,,,,,,,,5.1,5.8,20.256232788303,35.785241826191
1700546160,2023-11-21T05:56:00+0000,,,,,,,,,,0,0,0,,,,
1700546226,2023-11-21T05:57:06+0000,1023.5,140.9,3970,0,59,543600,1023.5,,,,,,,,,
1700546227,2023-11-21T05:57:07+0000,,,,,,,,2,3,,,,,,,
1700546627,2023-11-21T06:03:47+0000,,,,,,,,,,,,,5.2,5.7,19.467868970582,35.335103015742
1700546628,2023-11-21T06:03:48+0000,,,,,,,,2,3,,,,,,,
1700547266,2023-11-21T06:14:26+0000,,,,,,,,,,,,,4.9,5.5,20.621060036763,33.405996745639
1700547360,2023-11-21T06:16:00+0000,,,,,,,,,,0,0,0,,,,
1700547866,2023-11-21T06:24:26+0000,,,,,,,,,,,,,4.9,5.4,20.621060036763,34.177529546106
1700547867,2023-11-21T06:24:27+0000,,,,,,,,2,3,,,,,,,
1700548193,2023-11-21T06:29:53+0000,1023.6,144.9,3970,0,61,,1023.6,,,,,,,,,
1700548509,2023-11-21T06:35:09+0000,,,,,,,,,,,,,4.8,5.5,21.144320644831,34.259012480109
1700548560,2023-11-21T06:36:00+0000,,,,,,,,,,0,0,0,,,,
1700548561,2023-11-21T06:36:01+0000,,,,,,,,2,3,,,,,,,
1700549109,2023-11-21T06:45:09+0000,,,,,,,,,,,,,4.9,5.5,20.734675698042,34.394570799312
1700549110,2023-11-21T06:45:10+0000,,,,,,,,2,3,,,,,,,
1700549751,2023-11-21T06:55:51+0000,,,,,,,,,,,,,4.7,5.4,20.531424640104,34.154024368965
1700549887,2023-11-21T06:58:07+0000,,,,,,,,,,0,0,0,,,,
1700549993,2023-11-21T06:59:53+0000,1024,143.4,3970,0,63,547200,1024,,,,,,,,,
1700549994,2023-11-21T06:59:54+0000,,,,,,,,2,3,,,,,,,
1700550351,2023-11-21T07:05:51+0000,,,,,,,,,,,,,4.7,5.1,20.60716841429,33.334302537186
1700550352,2023-11-21T07:05:52+0000,,,,,,,,2,3,,,,,,,
1700550994,2023-11-21T07:16:34+0000,,,,,,,,,,,,,4.4,4.9,20.586330980582,32.000575166621
1700551087,2023-11-21T07:18:07+0000,,,,,,,,,,0,0,0,,,,
1700551594,2023-11-21T07:26:34+0000,,,,,,,,,,,,,4.4,5.1,22.517797222335,33.430787555474
1700551595,2023-11-21T07:26:35+0000,,,,,,,,2,3,,,,,,,
1700551919,2023-11-21T07:31:59+0000,1024.4,147.5,3970,0,64,,1024.4,,,,,,,,,
1700552236,2023-11-21T07:37:16+0000,,,,,,,,,,,,,4.5,5.2,22.979205678689,34.54146024408
1700552287,2023-11-21T07:38:07+0000,,,,,,,,,,0,0,0,,,,
1700552288,2023-11-21T07:38:08+0000,,,,,,,,2,3,,,,,,,
1700552836,2023-11-21T07:47:16+0000,,,,,,,,,,,,,4.7,5.2,23.068841075348,33.104564048908
1700552837,2023-11-21T07:47:17+0000,,,,,,,,2,3,,,,,,,
1700553478,2023-11-21T07:57:58+0000,,,,,,,,,,,,,4.4,5,21.419512496632,31.360276850688
1700553615,2023-11-21T08:00:15+0000,,,,,,,,,,4,4,4,,,,
1700553719,2023-11-21T08:01:59+0000,1024.9,146.9,3970,0,63,550800,1024.9,,,,,,,,,
1700553720,2023-11-21T08:02:00+0000,,,,,,,,2,3,,,,,,,
1700554078,2023-11-21T08:07:58+0000,,,,,,,,,,,,,4.4,5,22.707156657801,31.643253033327
1700554079,2023-11-21T08:07:59+0000,,,,,,,,2,3,,,,,,,
1700554721,2023-11-21T08:18:41+0000,,,,,,,,,,,,,4.2,4.8,22.693265035328,30.579588081417
1700554815,2023-11-21T08:20:15+0000,,,,,,,,,,0,0,0,,,,
1700555321,2023-11-21T08:28:41+0000,,,,,,,,,,,,,4.3,5,23.041057830403,33.402051517983
1700555322,2023-11-21T08:28:42+0000,,,,,,,,2,3,,,,,,,
1700555646,2023-11-21T08:34:06+0000,1025.1,148.1,3970,0,63,,1025.1,,,,,,,,,
1700555963,2023-11-21T08:39:23+0000,,,,,,,,,,,,,4.4,5.2,23.881185157689,32.811377677713
1700556015,2023-11-21T08:40:15+0000,,,,,,,,,,0,0,0,,,,
1700556016,2023-11-21T08:40:16+0000,,,,,,,,2,3,,,,,,,
1700556563,2023-11-21T08:49:23+0000,,,,,,,,,,,,,4.6,5.3,24.122308102721,32.628285820733
1700556564,2023-11-21T08:49:24+0000,,,,,,,,2,3,,,,,,,
1700557205,2023-11-21T09:00:05+0000,,,,,,,,,,,,,4.6,5.3,22.418073183527,31.769929652661
1700557342,2023-11-21T09:02:22+0000,,,,,,,,,,2,2,2,,,,
1700557446,2023-11-21T09:04:06+0000,1025.8,146,3970,0,63,554400,1025.8,,,,,,,,,
1700557447,2023-11-21T09:04:07+0000,,,,,,,,2,3,,,,,,,
1700557805,2023-11-21T09:10:05+0000,,,,,,,,,,,,,4.7,5.4,22.652250317323,33.603819035554
1700557806,2023-11-21T09:10:06+0000,,,,,,,,2,3,,,,,,,
1700558448,2023-11-21T09:20:48+0000,,,,,,,,,,,,,4.9,5.7,23.461451568752,33.431298472527
1700558542,2023-11-21T09:22:22+0000,,,,,,,,,,0,0,0,,,,
1700559048,2023-11-21T09:30:48+0000,,,,,,,,,,,,,5.2,5.8,21.92954163164,34.306276984123
1700559049,2023-11-21T09:30:49+0000,,,,,,,,2,3,,,,,,,
1700559373,2023-11-21T09:36:13+0000,1025.9,145.9,3970,0,63,,1025.9,,,,,,,,,
1700559690,2023-11-21T09:41:30+0000,,,,,,,,,,,,,5.2,6.1,22.497619938038,33.98619136359
1700559742,2023-11-21T09:42:22+0000,,,,,,,,,,0,0,0,,,,
1700559743,2023-11-21T09:42:23+0000,,,,,,,,2,3,,,,,,,
1700560290,2023-11-21T09:51:30+0000,,,,,,,,,,,,,5.5,6.3,23.200151339423,34.197348880496
1700560291,2023-11-21T09:51:31+0000,,,,,,,,2,3,,,,,,,
1700560933,2023-11-21T10:02:13+0000,,,,,,,,,,,,,5.7,6.6,22.873195978057,34.472116358418
1700561071,2023-11-21T10:04:31+0000,,,,,,,,,,-0,-0,-0,,,,
1700561173,2023-11-21T10:06:13+0000,1025.7,140.7,3970,0,63,558000,1025.7,,,,,,,,,
1700561174,2023-11-21T10:06:14+0000,,,,,,,,2,3,,,,,,,
1700561533,2023-11-21T10:12:13+0000,,,,,,,,,,,,,6.1,6.9,22.181413368231,35.252406401474
1700561534,2023-11-21T10:12:14+0000,,,,,,,,2,3,,,,,,,
1700562176,2023-11-21T10:22:56+0000,,,,,,,,,,,,,6.1,7,21.651206948926,34.57020413433
1700562271,2023-11-21T10:24:31+0000,,,,,,,,,,4,4,4,,,,
1700562776,2023-11-21T10:32:56+0000,,,,,,,,,,,,,6.4,7.2,20.952478527864,35.576417130461
1700562777,2023-11-21T10:32:57+0000,,,,,,,,2,3,,,,,,,
1700563101,2023-11-21T10:38:21+0000,1025.8,136.8,3970,0,63,,1025.8,,,,,,,,,
1700563419,2023-11-21T10:43:39+0000,,,,,,,,,,,,,6.6,7.6,21.685936005107,36.526720570824
1700563471,2023-11-21T10:44:31+0000,,,,,,,,,,0,0,0,,,,
1700563472,2023-11-21T10:44:32+0000,,,,,,,,2,3,,,,,,,
1700564019,2023-11-21T10:53:39+0000,,,,,,,,,,,,,7.1,8,21.228330529077,38.314257710558
1700564020,2023-11-21T10:53:40+0000,,,,,,,,2,3,,,,,,,
1700564666,2023-11-21T11:04:26+0000,,,,,,,,,,,,,7.3,8.3,20.863503280617,37.965583246602
1700564802,2023-11-21T11:06:42+0000,,,,,,,,,,1,1,1,,,,
1700564901,2023-11-21T11:08:21+0000,1026,128.9,3970,0,62,561600,1026,,,,,,,,,
1700564902,2023-11-21T11:08:22+0000,,,,,,,,2,3,,,,,,,
1700565266,2023-11-21T11:14:26+0000,,,,,,,,,,,,,7.6,8.4,19.445209004784,38.451398668181
1700565267,2023-11-21T11:14:27+0000,,,,,,,,2,3,,,,,,,
1700565906,2023-11-21T11:25:06+0000,,,,,,,,,,,,,7.7,8.7,20.209592557884,38.487563459574
1700566002,2023-11-21T11:26:42+0000,,,,,,,,,,-0,-0,-0,,,,
1700566506,2023-11-21T11:35:06+0000,,,,,,,,,,,,,8,8.9,19.397248475543,39.607392116984
1700566507,2023-11-21T11:35:07+0000,,,,,,,,2,3,,,,,,,
1700566833,2023-11-21T11:40:33+0000,1025.9,123.7,3970,5,62,,1025.9,,,,,,,,,
1700567153,2023-11-21T11:45:53+0000,,,,,,,,,,,,,8.2,9.2,18.577958581965,40.374494127118
1700567202,2023-11-21T11:46:42+0000,,,,,,,,,,0,0,0,,,,
1700567203,2023-11-21T11:46:43+0000,,,,,,,,2,3,,,,,,,
1700567753,2023-11-21T11:55:53+0000,,,,,,,,,,,,,8.5,9.4,17.72774261253,41.091318785639
1700567754,2023-11-21T11:55:54+0000,,,,,,,,2,3,,,,,,,
1700568395,2023-11-21T12:06:35+0000,,,,,,,,,,,,,8.6,9.4,16.939378794809,40.475851517948
1700568536,2023-11-21T12:08:56+0000,,,,,,,,,,-0,-0,-0,,,,
1700568633,2023-11-21T12:10:33+0000,1025.9,120.5,3970,0,60,565200,1025.9,,,,,,,,,
1700568634,2023-11-21T12:10:34+0000,,,,,,,,2,3,,,,,,,
1700568995,2023-11-21T12:16:35+0000,,,,,,,,,,,,,8.9,9.5,15.407468857697,40.937508886437
1700568996,2023-11-21T12:16:36+0000,,,,,,,,2,3,,,,,,,
1700569639,2023-11-21T12:27:19+0000,,,,,,,,,,,,,8.7,9.3,13.234879670913,39.194402982835
1700569736,2023-11-21T12:28:56+0000,,,,,,,,,,3,3,2,,,,
1700570239,2023-11-21T12:37:19+0000,,,,,,,,,,,,,8.8,9.4,13.355441143428,39.378404483083
1700570240,2023-11-21T12:37:20+0000,,,,,,,,2,3,,,,,,,
1700570564,2023-11-21T12:42:44+0000,1025.8,120.7,3985,5,61,,1025.8,,,,,,,,,
1700570883,2023-11-21T12:48:03+0000,,,,,,,,,,,,,8.7,9.5,14.408908170802,38.791907283413
1700570936,2023-11-21T12:48:56+0000,,,,,,,,,,0,0,0,,,,
1700570937,2023-11-21T12:48:57+0000,,,,,,,,2,3,,,,,,,
1700571483,2023-11-21T12:58:03+0000,,,,,,,,,,,,,8.9,9.6,13.66536205141,39.345491804992
1700571484,2023-11-21T12:58:04+0000,,,,,,,,2,3,,,,,,,
1700572127,2023-11-21T13:08:47+0000,,,,,,,,,,,,,8.8,9.5,13.620544353081,38.865308587567
1700572265,2023-11-21T13:11:05+0000,,,,,,,,,,0,0,0,,,,
1700572364,2023-11-21T13:12:44+0000,1026.2,120,3985,0,61,568800,1026.2,,,,,,,,,
1700572365,2023-11-21T13:12:45+0000,,,,,,,,2,3,,,,,,,
1700572727,2023-11-21T13:18:47+0000,,,,,,,,,,,,,8.9,9.5,12.756436761174,40.474855038219
1700572728,2023-11-21T13:18:48+0000,,,,,,,,2,3,,,,,,,
1700573371,2023-11-21T13:29:31+0000,,,,,,,,,,,,,8.8,9.5,13.73416001436,40.735634413202
1700573465,2023-11-21T13:31:05+0000,,,,,,,,,,0,0,0,,,,
1700573971,2023-11-21T13:39:31+0000,,,,,,,,,,,,,9,9.6,13.331460878808,42.518992294749
1700573972,2023-11-21T13:39:32+0000,,,,,,,,2,3,,,,,,,
1700574296,2023-11-21T13:44:56+0000,1026.3,122.4,3985,0,63,,1026.3,,,,,,,,,
1700574614,2023-11-21T13:50:14+0000,,,,,,,,,,,,,8.9,9.6,11.99899901931,42.885577352512
1700574665,2023-11-21T13:51:05+0000,,,,,,,,,,2,2,1,,,,
1700574666,2023-11-21T13:51:06+0000,,,,,,,,2,3,,,,,,,
1700575214,2023-11-21T14:00:14+0000,,,,,,,,,,,,,9,9.6,12.64976691113,43.421124205417
1700575215,2023-11-21T14:00:15+0000,,,,,,,,2,3,,,,,,,
1700575859,2023-11-21T14:10:59+0000,,,,,,,,,,,,,9,9.7,12.839126346596,43.424647970068
1700575998,2023-11-21T14:13:18+0000,,,,,,,,,,3,3,3,,,,
1700576096,2023-11-21T14:14:56+0000,1026.3,121.9,3985,0,62,572400,1026.3,,,,,,,,,
1700576097,2023-11-21T14:14:57+0000,,,,,,,,2,3,,,,,,,
1700576459,2023-11-21T14:20:59+0000,,,,,,,,,,,,,9.2,9.8,12.966633630348,45.201339546914
1700576460,2023-11-21T14:21:00+0000,,,,,,,,2,3,,,,,,,
1700577103,2023-11-21T14:31:43+0000,,,,,,,,,,,,,9.1,9.8,13.035431593298,44.331993239471
1700577198,2023-11-21T14:33:18+0000,,,,,,,,,,1,1,1,,,,
1700577703,2023-11-21T14:41:43+0000,,,,,,,,,,,,,9.2,9.9,11.981964565925,45.690023239608
1700577704,2023-11-21T14:41:44+0000,,,,,,,,2,3,,,,,,,
1700578027,2023-11-21T14:47:07+0000,1026.5,123.6,4000,0,62,,1026.5,,,,,,,,,
1700578347,2023-11-21T14:52:27+0000,,,,,,,,,,,,,9.1,9.8,10.952477803173,46.08429011511
1700578398,2023-11-21T14:53:18+0000,,,,,,,,,,2,2,2,,,,
1700578399,2023-11-21T14:53:19+0000,,,,,,,,2,3,,,,,,,
1700578947,2023-11-21T15:02:27+0000,,,,,,,,,,,,,9.2,9.7,10.277729646731,46.319623186723
1700578948,2023-11-21T15:02:28+0000,,,,,,,,2,3,,,,,,,
1700579591,2023-11-21T15:13:11+0000,,,,,,,,,,,,,9,9.6,10.907660104843,45.879654326423
1700579730,2023-11-21T15:15:30+0000,,,,,,,,,,14,14,10,,,,
1700579827,2023-11-21T15:17:07+0000,1026.3,128.7,4000,0,61,576000,1026.3,,,,,,,,,
1700579828,2023-11-21T15:17:08+0000,,,,,,,,2,3,,,,,,,
1700580191,2023-11-21T15:23:11+0000,,,,,,,,,,,,,9.1,9.5,10.422271383868,46.972708191775
1700580192,2023-11-21T15:23:12+0000,,,,,,,,2,3,,,,,,,
1700580836,2023-11-21T15:33:56+0000,,,,,,,,,,,,,8.8,9.4,11.310359240396,45.942464217422
1700580930,2023-11-21T15:35:30+0000,,,,,,,,,,3,3,3,,,,
1700581436,2023-11-21T15:43:56+0000,,,,,,,,,,,,,8.9,9.4,11.544536374191,47.059930285595
1700581437,2023-11-21T15:43:57+0000,,,,,,,,2,3,,,,,,,
1700581759,2023-11-21T15:49:19+0000,1026.2,130,4000,0,63,,1026.2,,,,,,,,,
1700582079,2023-11-21T15:54:39+0000,,,,,,,,,,,,,8.7,9.3,12.325954380676,45.72449581933
1700582130,2023-11-21T15:55:30+0000,,,,,,,,,,2,2,2,,,,
1700582131,2023-11-21T15:55:31+0000,,,,,,,,2,3,,,,,,,
1700582679,2023-11-21T16:04:39+0000,,,,,,,,,,,,,8.8,9.3,11.878437546794,46.476575625976
1700582680,2023-11-21T16:04:40+0000,,,,,,,,2,3,,,,,,,
1700583323,2023-11-21T16:15:23+0000,,,,,,,,,,,,,8.6,9.2,11.978161585601,45.216630784165
1700583464,2023-11-21T16:17:44+0000,,,,,,,,,,14,14,12,,,,
1700583559,2023-11-21T16:19:19+0000,1026.5,132.6,4000,0,64,579600,1026.5,,,,,,,,,
1700583560,2023-11-21T16:19:20+0000,,,,,,,,2,3,,,,,,,
1700583923,2023-11-21T16:25:23+0000,,,,,,,,,,,,,8.6,9.1,12.053905359788,45.80220083895
1700583924,2023-11-21T16:25:24+0000,,,,,,,,2,3,,,,,,,
1700584567,2023-11-21T16:36:07+0000,,,,,,,,,,,,,8.4,8.9,11.850654301849,45.148333265496
1700584664,2023-11-21T16:37:44+0000,,,,,,,,,,22,23,15,,,,
1700585167,2023-11-21T16:46:07+0000,,,,,,,,,,,,,8.4,8.9,12.797451479179,45.551718488983
1700585168,2023-11-21T16:46:08+0000,,,,,,,,2,3,,,,,,,
1700585490,2023-11-21T16:51:30+0000,1026.6,136.5,4000,0,61,,1026.6,,,,,,,,,
1700585811,2023-11-21T16:56:51+0000,,,,,,,,,,,,,8.3,8.9,13.510071522714,44.121214329578
1700585864,2023-11-21T16:57:44+0000,,,,,,,,,,17,17,14,,,,
1700585865,2023-11-21T16:57:45+0000,,,,,,,,2,3,,,,,,,
1700586411,2023-11-21T17:06:51+0000,,,,,,,,,,,,,8.4,8.9,14.047223753254,44.494829415025
1700586412,2023-11-21T17:06:52+0000,,,,,,,,2,3,,,,,,,
1700587054,2023-11-21T17:17:34+0000,,,,,,,,,,,,,8.2,8.8,13.200150614732,44.512338665029
1700587192,2023-11-21T17:19:52+0000,,,,,,,,,,8,8,8,,,,
1700587290,2023-11-21T17:21:30+0000,1026.6,138.9,4000,0,62,583200,1026.6,,,,,,,,,
1700587291,2023-11-21T17:21:31+0000,,,,,,,,2,3,,,,,,,
1700587654,2023-11-21T17:27:34+0000,,,,,,,,,,,,,8.3,8.8,13.813046619459,44.672436261921
1700587655,2023-11-21T17:27:35+0000,,,,,,,,2,3,,,,,,,
1700588298,2023-11-21T17:38:18+0000,,,,,,,,,,,,,8.1,8.8,14.329361416291,44.098090377037
1700588392,2023-11-21T17:39:52+0000,,,,,,,,,,9,9,9,,,,
1700588898,2023-11-21T17:48:18+0000,,,,,,,,,,,,,8.2,8.8,14.4877947759,44.299329475939
1700588899,2023-11-21T17:48:19+0000,,,,,,,,2,3,,,,,,,
1700589223,2023-11-21T17:53:43+0000,1026.8,143.7,4000,0,63,,1026.8,,,,,,,,,
1700589542,2023-11-21T17:59:02+0000,,,,,,,,,,,,,8.1,8.8,14.518720851757,43.357636084094
1700589592,2023-11-21T17:59:52+0000,,,,,,,,,,11,11,10,,,,
1700589593,2023-11-21T17:59:53+0000,,,,,,,,2,3,,,,,,,
1700590142,2023-11-21T18:09:02+0000,,,,,,,,,,,,,8.2,8.8,13.806100808223,44.843249729248
1700590143,2023-11-21T18:09:03+0000,,,,,,,,2,3,,,,,,,
1700590785,2023-11-21T18:19:45+0000,,,,,,,,,,,,,8.2,8.8,13.76822892113,44.467800473234
1700590925,2023-11-21T18:22:05+0000,,,,,,,,,,9,9,9,,,,
1700591023,2023-11-21T18:23:43+0000,1026.8,148,4000,0,62,586800,1026.8,,,,,,,,,
1700591024,2023-11-21T18:23:44+0000,,,,,,,,2,3,,,,,,,
1700591385,2023-11-21T18:29:45+0000,,,,,,,,,,,,,8.3,8.8,13.320712087248,45.192325537006
1700591386,2023-11-21T18:29:46+0000,,,,,,,,2,3,,,,,,,
1700592030,2023-11-21T18:40:30+0000,,,,,,,,,,,,,8.1,8.8,13.155332916402,44.280148133468
1700592125,2023-11-21T18:42:05+0000,,,,,,,,,,18,18,16,,,,
1700592630,2023-11-21T18:50:30+0000,,,,,,,,,,,,,8.2,8.8,13.200150614732,45.063433522505
1700592631,2023-11-21T18:50:31+0000,,,,,,,,2,3,,,,,,,
1700592952,2023-11-21T18:55:52+0000,1026.5,149.9,4000,0,62,,1026.5,,,,,,,,,
1700593274,2023-11-21T19:01:14+0000,,,,,,,,,,,,,8.1,8.8,13.079589142216,45.210088936743
1700593325,2023-11-21T19:02:05+0000,,,,,,,,,,10,10,10,,,,
1700593326,2023-11-21T19:02:06+0000,,,,,,,,2,3,,,,,,,
1700593874,2023-11-21T19:11:14+0000,,,,,,,,,,,,,8.2,8.8,12.518456647054,46.103339147542
1700593875,2023-11-21T19:11:15+0000,,,,,,,,2,3,,,,,,,
1700594518,2023-11-21T19:21:58+0000,,,,,,,,,,,,,8,8.7,12.315205589116,45.201478888224
1700594656,2023-11-21T19:24:16+0000,,,,,,,,,,17,17,14,,,,
1700594752,2023-11-21T19:25:52+0000,1026.2,149.9,4000,0,63,590400,1026.2,,,,,,,,,
1700594753,2023-11-21T19:25:53+0000,,,,,,,,2,3,,,,,,,
1700595118,2023-11-21T19:31:58+0000,,,,,,,,,,,,,8.1,8.6,12.852357819657,45.547539230797
1700595119,2023-11-21T19:31:59+0000,,,,,,,,2,3,,,,,,,
1700595761,2023-11-21T19:42:41+0000,,,,,,,,,,,,,7.9,8.6,13.292928842303,44.966272891478
1700595856,2023-11-21T19:44:16+0000,,,,,,,,,,14,14,14,,,,
1700596361,2023-11-21T19:52:41+0000,,,,,,,,,,,,,8,8.6,13.148387105166,45.883808230234
1700596362,2023-11-21T19:52:42+0000,,,,,,,,2,3,,,,,,,
1700596682,2023-11-21T19:58:02+0000,1026.7,148.8,4000,0,62,,1026.7,,,,,,,,,
1700597008,2023-11-21T20:03:28+0000,,,,,,,,,,,,,7.9,8.6,13.861007148701,44.591077785197
1700597056,2023-11-21T20:04:16+0000,,,,,,,,,,6,6,6,,,,
1700597057,2023-11-21T20:04:17+0000,,,,,,,,2,1,,,,,,,
1700597608,2023-11-21T20:13:28+0000,,,,,,,,,,,,,8,8.6,13.564977863191,44.943677357606
1700597609,2023-11-21T20:13:29+0000,,,,,,,,2,3,,,,,,,
1700598248,2023-11-21T20:24:08+0000,,,,,,,,,,,,,7.9,8.6,13.25505695521,44.149947749483
1700598388,2023-11-21T20:26:28+0000,,,,,,,,,,5,5,5,,,,
1700598482,2023-11-21T20:28:02+0000,1026.6,146.1,4000,0,61,594000,1026.6,,,,,,,,,
1700598483,2023-11-21T20:28:03+0000,,,,,,,,2,3,,,,,,,
1700598848,2023-11-21T20:34:08+0000,,,,,,,,,,,,,8,8.5,12.769668234234,44.306140357125
1700598849,2023-11-21T20:34:09+0000,,,,,,,,2,3,,,,,,,
1700599493,2023-11-21T20:44:53+0000,,,,,,,,,,,,,7.8,8.5,13.285983031067,43.483801786376
1700599588,2023-11-21T20:46:28+0000,,,,,,,,,,9,9,9,,,,
1700600093,2023-11-21T20:54:53+0000,,,,,,,,,,,,,7.9,8.5,13.292928842303,43.53342626204
1700600094,2023-11-21T20:54:54+0000,,,,,,,,2,3,,,,,,,
1700600412,2023-11-21T21:00:12+0000,1026.7,145.8,4000,0,61,,1026.7,,,,,,,,,
1700600736,2023-11-21T21:05:36+0000,,,,,,,,,,,,,7.7,8.4,14.150090622974,41.791591107103
1700600788,2023-11-21T21:06:28+0000,,,,,,,,,,14,14,13,,,,
1700600789,2023-11-21T21:06:29+0000,,,,,,,,2,3,,,,,,,
1700601336,2023-11-21T21:15:36+0000,,,,,,,,,,,,,7.8,8.4,13.891933224558,43.070734793002
1700601337,2023-11-21T21:15:37+0000,,,,,,,,2,3,,,,,,,
1700601980,2023-11-21T21:26:20+0000,,,,,,,,,,,,,7.7,8.4,14.036474961694,42.290973168616
1700602118,2023-11-21T21:28:38+0000,,,,,,,,,,8,8,8,,,,
1700602212,2023-11-21T21:30:12+0000,1026.8,142.9,4000,0,61,597600,1026.8,,,,,,,,,
1700602213,2023-11-21T21:30:13+0000,,,,,,,,2,3,,,,,,,
1700602580,2023-11-21T21:36:20+0000,,,,,,,,,,,,,7.8,8.5,14.725114740608,42.705983905807
1700602581,2023-11-21T21:36:21+0000,,,,,,,,2,3,,,,,,,
1700603223,2023-11-21T21:47:03+0000,,,,,,,,,,,,,7.9,8.7,15.603113954988,42.986744693279
1700603318,2023-11-21T21:48:38+0000,,,,,,,,,,1,1,1,,,,
1700603823,2023-11-21T21:57:03+0000,,,,,,,,,,,,,8.1,8.8,14.897439722689,43.226909899027
1700603824,2023-11-21T21:57:04+0000,,,,,,,,2,3,,,,,,,
1700604143,2023-11-21T22:02:23+0000,1026.5,139.5,3985,0,60,,1026.5,,,,,,,,,
1700604470,2023-11-21T22:07:50+0000,,,,,,,,,,,,,8.1,8.9,14.973183496876,42.489852295869
1700604518,2023-11-21T22:08:38+0000,,,,,,,,,,0,0,0,,,,
1700604519,2023-11-21T22:08:39+0000,,,,,,,,2,3,,,,,,,
1700605070,2023-11-21T22:17:50+0000,,,,,,,,,,,,,8.3,8.9,14.153893603298,43.587611220489
1700605071,2023-11-21T22:17:51+0000,,,,,,,,2,3,,,,,,,
1700605711,2023-11-21T22:28:31+0000,,,,,,,,,,,,,8.2,9,13.881844582409,43.665316240109
1700605850,2023-11-21T22:30:50+0000,,,,,,,,,,0,0,0,,,,
1700605943,2023-11-21T22:32:23+0000,1026,142.3,3985,0,61,601200,1026,,,,,,,,,
1700605944,2023-11-21T22:32:24+0000,,,,,,,,2,3,,,,,,,
1700606311,2023-11-21T22:38:31+0000,,,,,,,,,,,,,8.4,9.1,13.857864317788,44.381086678879
1700606312,2023-11-21T22:38:32+0000,,,,,,,,2,3,,,,,,,
1700606955,2023-11-21T22:49:15+0000,,,,,,,,,,,,,8.4,9.2,13.441273559763,44.494575265292
1700607050,2023-11-21T22:50:50+0000,,,,,,,,,,0,0,0,,,,
1700607555,2023-11-21T22:59:15+0000,,,,,,,,,,,,,8.6,9.3,13.15219008549,45.034573027733
1700607556,2023-11-21T22:59:16+0000,,,,,,,,2,3,,,,,,,
1700607874,2023-11-21T23:04:34+0000,1026,142.4,3985,0,58,,1026,,,,,,,,,
1700608199,2023-11-21T23:09:59+0000,,,,,,,,,,,,,8.5,9.3,13.107372387161,44.63705403893
1700608250,2023-11-21T23:10:50+0000,,,,,,,,,,0,0,0,,,,
1700608251,2023-11-21T23:10:51+0000,,,,,,,,2,3,,,,,,,
1700608799,2023-11-21T23:19:59+0000,,,,,,,,,,,,,8.7,9.4,12.856160799981,46.489362315095
1700608800,2023-11-21T23:20:00+0000,,,,,,,,2,3,,,,,,,
1700609443,2023-11-21T23:30:43+0000,,,,,,,,,,,,,8.7,9.5,12.098723058117,45.758843941773
1700609582,2023-11-21T23:33:02+0000,,,,,,,,,,0,0,0,,,,
1700609674,2023-11-21T23:34:34+0000,1025.5,143.6,3985,0,56,604800,1025.5,,,,,,,,,
1700609675,2023-11-21T23:34:35+0000,,,,,,,,2,3,,,,,,,
1700610043,2023-11-21T23:40:43+0000,,,,,,,,,,,,,8.8,9.5,11.575462450048,46.944879179965
1700610044,2023-11-21T23:40:44+0000,,,,,,,,2,3,,,,,,,
1700610686,2023-11-21T23:51:26+0000,,,,,,,,,,,,,8.7,9.4,11.568516638812,46.178831389582
1700610782,2023-11-21T23:53:02+0000,,,,,,,,,,0,0,0,,,,
1700611286,2023-11-22T00:01:26+0000,,,,,,,,,,,,,8.8,9.5,11.537590562955,46.624539409698
1700611287,2023-11-22T00:01:27+0000,,,,,,,,2,3,,,,,,,
1700611606,2023-11-22T00:06:46+0000,1025.4,145.9,3985,0,58,,1025.4,,,,,,,,,
1700611931,2023-11-22T00:12:11+0000,,,,,,,,,,,,,8.8,9.5,11.23461546621,47.754156792658
1700611982,2023-11-22T00:13:02+0000,,,,,,,,,,0,0,0,,,,
1700611983,2023-11-22T00:13:03+0000,,,,,,,,2,3,,,,,,,
1700612531,2023-11-22T00:22:11+0000,,,,,,,,,,,,,9,9.6,11.172763314496,47.543383117938
1700612532,2023-11-22T00:22:12+0000,,,,,,,,2,3,,,,,,,
1700613175,2023-11-22T00:32:55+0000,,,,,,,,,,,,,8.9,9.6,10.635611083955,47.335096489734
1700613314,2023-11-22T00:35:14+0000,,,,,,,,,,0,0,0,,,,
1700613406,2023-11-22T00:36:46+0000,1025.1,148.6,3985,0,56,608400,1025.1,,,,,,,,,
1700613407,2023-11-22T00:36:47+0000,,,,,,,,2,3,,,,,,,
1700613775,2023-11-22T00:42:55+0000,,,,,,,,,,,,,9,9.6,10.339581798446,48.404119376862
1700613776,2023-11-22T00:42:56+0000,,,,,,,,2,3,,,,,,,
1700614419,2023-11-22T00:53:39+0000,,,,,,,,,,,,,8.9,9.7,11.430920712912,47.586867089982
1700614514,2023-11-22T00:55:14+0000,,,,,,,,,,0,0,0,,,,
1700615019,2023-11-22T01:03:39+0000,,,,,,,,,,,,,9.1,9.8,11.861403093409,48.481933969732
1700615020,2023-11-22T01:03:40+0000,,,,,,,,2,3,,,,,,,
1700615337,2023-11-22T01:08:57+0000,1024.9,149,3985,0,52,,1024.9,,,,,,,,,
1700615663,2023-11-22T01:14:23+0000,,,,,,,,,,,,,9.2,10,10.997295501502,48.90662647681
1700615714,2023-11-22T01:15:14+0000,,,,,,,,,,0,0,0,,,,
1700615715,2023-11-22T01:15:15+0000,,,,,,,,2,3,,,,,,,
1700616263,2023-11-22T01:24:23+0000,,,,,,,,,,,,,9.4,10.1,11.049059011068,49.215996226908
1700616264,2023-11-22T01:24:24+0000,,,,,,,,2,3,,,,,,,
1700616907,2023-11-22T01:35:07+0000,,,,,,,,,,,,,9.4,10.1,9.9507742853651,48.605886894434
1700617046,2023-11-22T01:37:26+0000,,,,,,,,,,0,0,0,,,,
1700617137,2023-11-22T01:38:57+0000,1025,149.3,3985,0,53,612000,1025,,,,,,,,,
1700617138,2023-11-22T01:38:58+0000,,,,,,,,1,3,,,,,,,
1700617507,2023-11-22T01:45:07+0000,,,,,,,,,,,,,9.5,10,8.7836915967124,49.305999755384
1700617508,2023-11-22T01:45:08+0000,,,,,,,,2,3,,,,,,,
1700618152,2023-11-22T01:55:52+0000,,,,,,,,,,,,,9.3,10,8.6183124258673,48.696924523458
1700618246,2023-11-22T01:57:26+0000,,,,,,,,,,0,0,0,,,,
1700618752,2023-11-22T02:05:52+0000,,,,,,,,,,,,,9.4,10,8.738873898383,49.349356652561
1700618753,2023-11-22T02:05:53+0000,,,,,,,,2,3,,,,,,,
1700619069,2023-11-22T02:11:09+0000,1024.3,151.2,3985,0,54,,1024.3,,,,,,,,,
1700619395,2023-11-22T02:16:35+0000,,,,,,,,,,,,,9.3,10,9.2621345064515,48.714416271845
1700619446,2023-11-22T02:17:26+0000,,,,,,,,,,0,0,0,,,,
1700619447,2023-11-22T02:17:27+0000,,,,,,,,2,3,,,,,,,
1700619995,2023-11-22T02:26:35+0000,,,,,,,,,,,,,9.4,10,8.4358988016375,49.872769692297
1700619996,2023-11-22T02:26:36+0000,,,,,,,,2,3,,,,,,,
1700620640,2023-11-22T02:37:20+0000,,,,,,,,,,,,,9.3,10,8.76979997424,49.179196061183
1700620779,2023-11-22T02:39:39+0000,,,,,,,,,,0,0,0,,,,
1700620869,2023-11-22T02:41:09+0000,1023.6,153.1,3985,0,53,615600,1023.6,,,,,,,,,
1700620870,2023-11-22T02:41:10+0000,,,,,,,,2,3,,,,,,,
1700621240,2023-11-22T02:47:20+0000,,,,,,,,,,,,,9.4,10,8.6631301241966,49.783312084107
1700621241,2023-11-22T02:47:21+0000,,,,,,,,2,3,,,,,,,
1700621885,2023-11-22T02:58:05+0000,,,,,,,,,,,,,9.4,10.1,8.6252582371034,49.903848199822
1700621979,2023-11-22T02:59:39+0000,,,,,,,,,,0,0,0,,,,
1700622485,2023-11-22T03:08:05+0000,,,,,,,,,,,,,9.6,10.2,9.0178687305077,50.092808909072
1700622486,2023-11-22T03:08:06+0000,,,,,,,,2,3,,,,,,,
1700622801,2023-11-22T03:13:21+0000,1023.6,151.6,3985,0,56,,1023.6,,,,,,,,,
1700623131,2023-11-22T03:18:51+0000,,,,,,,,,,,,,9.5,10.3,9.1624104676443,49.42326625618
1700623179,2023-11-22T03:19:39+0000,,,,,,,,,,0,0,0,,,,
1700623180,2023-11-22T03:19:40+0000,,,,,,,,2,3,,,,,,,
1700623731,2023-11-22T03:28:51+0000,,,,,,,,,,,,,9.6,10.2,7.5408651338733,50.164520619141
1700623732,2023-11-22T03:28:52+0000,,,,,,,,1,3,,,,,,,
1700624373,2023-11-22T03:39:33+0000,,,,,,,,,,,,,9.5,10.2,7.1930723387984,50.48329787019
1700624514,2023-11-22T03:41:54+0000,,,,,,,,,,0,0,0,,,,
1700624601,2023-11-22T03:43:21+0000,1024.2,153.4,3985,0,56,619200,1024.2,,,,,,,,,
1700624602,2023-11-22T03:43:22+0000,,,,,,,,2,3,,,,,,,
1700624973,2023-11-22T03:49:33+0000,,,,,,,,,,,,,9.6,10.2,7.5787370209665,49.823546560436
1700624974,2023-11-22T03:49:34+0000,,,,,,,,2,3,,,,,,,
1700625617,2023-11-22T04:00:17+0000,,,,,,,,,,,,,9.4,10,6.9967670920963,49.465733629293
1700625714,2023-11-22T04:01:54+0000,,,,,,,,,,0,0,0,,,,
1700626217,2023-11-22T04:10:17+0000,,,,,,,,,,,,,9.4,9.9,6.4286887856984,50.336914107302
1700626218,2023-11-22T04:10:18+0000,,,,,,,,2,3,,,,,,,
1700626533,2023-11-22T04:15:33+0000,1023.7,160.4,3985,0,57,,1023.7,,,,,,,,,
1700626861,2023-11-22T04:21:01+0000,,,,,,,,,,,,,9.2,9.9,6.793516034158,49.858946285044
1700626914,2023-11-22T04:21:54+0000,,,,,,,,,,0,0,0,,,,
1700626915,2023-11-22T04:21:55+0000,,,,,,,,2,3,,,,,,,
1700627461,2023-11-22T04:31:01+0000,,,,,,,,,,,,,9.3,9.9,6.4217429744623,51.554807803835
1700627462,2023-11-22T04:31:02+0000,,,,,,,,2,3,,,,,,,
1700628105,2023-11-22T04:41:45+0000,,,,,,,,,,,,,9.2,9.9,6.3011815019465,51.591244246577
1700628244,2023-11-22T04:44:04+0000,,,,,,,,,,0,0,0,,,,
1700628333,2023-11-22T04:45:33+0000,1024.1,162.1,3985,0,54,622800,1024.1,,,,,,,,,
1700628334,2023-11-22T04:45:34+0000,,,,,,,,2,3,,,,,,,
1700628705,2023-11-22T04:51:45+0000,,,,,,,,,,,,,9.4,10.1,6.0120980276733,51.993468294649
1700628706,2023-11-22T04:51:46+0000,,,,,,,,2,3,,,,,,,
1700629350,2023-11-22T05:02:30+0000,,,,,,,,,,,,,9.4,10.1,7.7846234878195,49.658613955847
1700629444,2023-11-22T05:04:04+0000,,,,,,,,,,0,0,0,,,,
1700629950,2023-11-22T05:12:30+0000,,,,,,,,,,,,,9.6,10.2,8.1441413387409,49.880064862231
1700629951,2023-11-22T05:12:31+0000,,,,,,,,2,3,,,,,,,
1700630265,2023-11-22T05:17:45+0000,1023.3,158.4,3985,0,55,,1023.3,,,,,,,,,
1700630594,2023-11-22T05:23:14+0000,,,,,,,,,,,,,9.5,10.3,8.9617399449149,49.117226761874
1700630644,2023-11-22T05:24:04+0000,,,,,,,,,,0,0,0,,,,
1700630645,2023-11-22T05:24:05+0000,,,,,,,,2,3,,,,,,,
1700631194,2023-11-22T05:33:14+0000,,,,,,,,,,,,,9.7,10.4,9.0362985010835,49.44192912908
1700631195,2023-11-22T05:33:15+0000,,,,,,,,2,3,,,,,,,
1700631839,2023-11-22T05:43:59+0000,,,,,,,,,,,,,9.8,10.5,9.3992455445995,48.442756511166
1700631978,2023-11-22T05:46:18+0000,,,,,,,,,,0,0,0,,,,
1700632065,2023-11-22T05:47:45+0000,1023.7,155.8,3985,0,60,626400,1023.7,,,,,,,,,
1700632066,2023-11-22T05:47:46+0000,,,,,,,,2,3,,,,,,,
1700632439,2023-11-22T05:53:59+0000,,,,,,,,,,,,,10,10.5,8.2118415097201,49.556981101198
1700632440,2023-11-22T05:54:00+0000,,,,,,,,2,3,,,,,,,
1700633083,2023-11-22T06:04:43+0000,,,,,,,,,,,,,9.9,10.6,8.0931452902779,48.276775155005
1700633178,2023-11-22T06:06:18+0000,,,,,,,,,,0,0,0,,,,
1700633683,2023-11-22T06:14:43+0000,,,,,,,,,,,,,10,10.5,6.7463365652772,49.423457107044
1700633684,2023-11-22T06:14:44+0000,,,,,,,,2,3,,,,,,,
1700633998,2023-11-22T06:19:58+0000,1023.5,158.9,3985,0,66,,1023.5,,,,,,,,,
1700634330,2023-11-22T06:25:30+0000,,,,,,,,,,,,,9.8,10.4,6.0611509489242,49.600357099664
1700634378,2023-11-22T06:26:18+0000,,,,,,,,,,0,0,0,,,,
1700634379,2023-11-22T06:26:19+0000,,,,,,,,2,3,,,,,,,
1700634930,2023-11-22T06:35:30+0000,,,,,,,,,,,,,9.9,10.4,6.709057287193,50.205986659885
1700634931,2023-11-22T06:35:31+0000,,,,,,,,2,3,,,,,,,
1700635572,2023-11-22T06:46:12+0000,,,,,,,,,,,,,9.8,10.5,6.8346118918245,49.989826293925
1700635712,2023-11-22T06:48:32+0000,,,,,,,,,,0,0,0,,,,
1700635798,2023-11-22T06:49:58+0000,1023.7,160.4,3985,0,66,630000,1023.7,,,,,,,,,
1700635799,2023-11-22T06:49:59+0000,,,,,,,,2,3,,,,,,,
1700636172,2023-11-22T06:56:12+0000,,,,,,,,,,,,,9.9,10.5,6.5869318751561,51.12762654122
1700636173,2023-11-22T06:56:13+0000,,,,,,,,2,3,,,,,,,
1700636817,2023-11-22T07:06:57+0000,,,,,,,,,,,,,9.8,10.5,8.0558660121936,50.185893278221
1700636912,2023-11-22T07:08:32+0000,,,,,,,,,,0,0,0,,,,
1700637417,2023-11-22T07:16:57+0000,,,,,,,,,,,,,9.9,10.5,6.8311826992299,50.701667883215
1700637418,2023-11-22T07:16:58+0000,,,,,,,,2,3,,,,,,,
1700637731,2023-11-22T07:22:11+0000,1023.9,162,3985,0,64,,1023.9,,,,,,,,,
1700638061,2023-11-22T07:27:41+0000,,,,,,,,,,,,,9.8,10.5,6.9974457745404,50.154066512286
1700638112,2023-11-22T07:28:32+0000,,,,,,,,,,0,0,0,,,,
1700638113,2023-11-22T07:28:33+0000,,,,,,,,2,3,,,,,,,
1700638661,2023-11-22T07:37:41+0000,,,,,,,,,,,,,9.9,10.5,5.5692201081819,50.582650936384
1700638662,2023-11-22T07:37:42+0000,,,,,,,,2,3,,,,,,,
1700639305,2023-11-22T07:48:25+0000,,,,,,,,,,,,,9.8,10.5,5.4912323594186,51.333205826331
1700639445,2023-11-22T07:50:45+0000,,,,,,,,,,0,0,0,,,,
1700639531,2023-11-22T07:52:11+0000,1023.9,166.2,3985,0,63,633600,1023.9,,,,,,,,,
1700639532,2023-11-22T07:52:12+0000,,,,,,,,2,3,,,,,,,
1700639905,2023-11-22T07:58:25+0000,,,,,,,,,,,,,9.9,10.6,4.3886744584918,53.580274925388
1700639906,2023-11-22T07:58:26+0000,,,,,,,,2,3,,,,,,,
1700640553,2023-11-22T08:09:13+0000,,,,,,,,,,,,,9.8,10.5,4.1885612976916,53.617099191288
1700640645,2023-11-22T08:10:45+0000,,,,,,,,,,0,0,0,,,,
1700641153,2023-11-22T08:19:13+0000,,,,,,,,,,,,,9.9,10.5,3.8187558689862,55.058732684551
1700641154,2023-11-22T08:19:14+0000,,,,,,,,2,3,,,,,,,
1700641464,2023-11-22T08:24:24+0000,1023.8,168.3,3985,0,64,,1023.8,,,,,,,,,
1700641795,2023-11-22T08:29:55+0000,,,,,,,,,,,,,9.9,10.6,2.841752572691,57.344032385153
1700641845,2023-11-22T08:30:45+0000,,,,,,,,,,0,0,0,,,,
1700641846,2023-11-22T08:30:46+0000,,,,,,,,2,3,,,,,,,
1700642395,2023-11-22T08:39:55+0000,,,,,,,,,,,,,10.1,10.7,0.96230453626911,59.913473879239
1700642396,2023-11-22T08:39:56+0000,,,,,,,,1,1,,,,,,,
1700643043,2023-11-22T08:50:43+0000,,,,,,,,,,,,,10.1,10.8,2.5499348927489,58.253160389187
1700643179,2023-11-22T08:52:59+0000,,,,,,,,,,0,0,0,,,,
1700643264,2023-11-22T08:54:24+0000,1023.8,167.5,3985,0,64,637200,1023.8,,,,,,,,,
1700643265,2023-11-22T08:54:25+0000,,,,,,,,2,3,,,,,,,
1700643643,2023-11-22T09:00:43+0000,,,,,,,,,,,,,10.3,10.9,1.7696155646591,61.504209947469
1700643644,2023-11-22T09:00:44+0000,,,,,,,,2,3,,,,,,,
1700644284,2023-11-22T09:11:24+0000,,,,,,,,,,,,,10.3,11,0.059859796142458,60.888105441663
1700644379,2023-11-22T09:12:59+0000,,,,,,,,,,0,0,0,,,,
1700644884,2023-11-22T09:21:24+0000,,,,,,,,,,,,,10.4,11,0,61.132021463582
1700644885,2023-11-22T09:21:25+0000,,,,,,,,2,3,,,,,,,
1700645198,2023-11-22T09:26:38+0000,1023.7,168.5,3985,0,65,,1023.7,,,,,,,,,
1700645529,2023-11-22T09:32:09+0000,,,,,,,,,,,,,10.3,11,0,62.093446179064
1700645579,2023-11-22T09:32:59+0000,,,,,,,,,,0,0,0,,,,
1700645580,2023-11-22T09:33:00+0000,,,,,,,,2,3,,,,,,,
1700646129,2023-11-22T09:42:09+0000,,,,,,,,,,,,,10.4,11,0,62.783453248891
1700646130,2023-11-22T09:42:10+0000,,,,,,,,2,3,,,,,,,
1700646774,2023-11-22T09:52:54+0000,,,,,,,,,,,,,10.3,11,0,63.057200866723
1700646917,2023-11-22T09:55:17+0000,,,,,,,,,,0,0,0,,,,
1700646998,2023-11-22T09:56:38+0000,1023.6,170.2,3985,0,62,640800,1023.6,,,,,,,,,
1700646999,2023-11-22T09:56:39+0000,,,,,,,,2,3,,,,,,,
1700647374,2023-11-22T10:02:54+0000,,,,,,,,,,,,,10.4,11,0,64.716883760704
1700647375,2023-11-22T10:02:55+0000,,,,,,,,2,3,,,,,,,
1700648020,2023-11-22T10:13:40+0000,,,,,,,,,,,,,10.4,11.1,0,64.208101825696
1700648117,2023-11-22T10:15:17+0000,,,,,,,,,,0,0,0,,,,
1700648620,2023-11-22T10:23:40+0000,,,,,,,,,,,,,10.5,11.2,0,66.177539102141
1700648621,2023-11-22T10:23:41+0000,,,,,,,,2,3,,,,,,,
1700648932,2023-11-22T10:28:52+0000,1023.7,170.9,3985,0,64,,1023.7,,,,,,,,,
1700649264,2023-11-22T10:34:24+0000,,,,,,,,,,,,,10.5,11.2,0,66.420235693612
1700649317,2023-11-22T10:35:17+0000,,,,,,,,,,0,0,0,,,,
1700649318,2023-11-22T10:35:18+0000,,,,,,,,2,3,,,,,,,
1700649864,2023-11-22T10:44:24+0000,,,,,,,,,,,,,10.7,11.3,0,68.413837461697
1700649865,2023-11-22T10:44:25+0000,,,,,,,,2,3,,,,,,,
1700650509,2023-11-22T10:55:09+0000,,,,,,,,,,,,,10.6,11.3,0,64.588019710904
1700650655,2023-11-22T10:57:35+0000,,,,,,,,,,0,0,0,,,,
1700650732,2023-11-22T10:58:52+0000,1023.6,170,3985,0,63,644400,1023.6,,,,,,,,,
1700650733,2023-11-22T10:58:53+0000,,,,,,,,2,3,,,,,,,
1700651109,2023-11-22T11:05:09+0000,,,,,,,,,,,,,10.7,11.4,0,67.317669321613
1700651110,2023-11-22T11:05:10+0000,,,,,,,,2,3,,,,,,,
1700651753,2023-11-22T11:15:53+0000,,,,,,,,,,,,,10.7,11.5,0,66.590690088929
1700651855,2023-11-22T11:17:35+0000,,,,,,,,,,0,0,0,,,,
1700652353,2023-11-22T11:25:53+0000,,,,,,,,,,,,,10.9,11.6,0,62.423545221957
1700652354,2023-11-22T11:25:54+0000,,,,,,,,2,3,,,,,,,
1700652667,2023-11-22T11:31:07+0000,1023.7,165.8,3985,0,65,,1023.7,,,,,,,,,
1700652999,2023-11-22T11:36:39+0000,,,,,,,,,,,,,10.9,11.6,0,63.023884241754
1700653055,2023-11-22T11:37:35+0000,,,,,,,,,,0,0,0,,,,
1700653056,2023-11-22T11:37:36+0000,,,,,,,,1,3,,,,,,,
1700653599,2023-11-22T11:46:39+0000,,,,,,,,,,,,,11.1,11.6,0,59.218600810042
1700653600,2023-11-22T11:46:40+0000,,,,,,,,2,3,,,,,,,
1700654244,2023-11-22T11:57:24+0000,,,,,,,,,,,,,11,11.6,0.85002486155908,56.879974626197
1700654384,2023-11-22T11:59:44+0000,,,,,,,,,,0,0,0,,,,
1700654467,2023-11-22T12:01:07+0000,1023.9,164.9,3985,0,64,648000,1023.9,,,,,,,,,
1700654468,2023-11-22T12:01:08+0000,,,,,,,,2,3,,,,,,,
1700654844,2023-11-22T12:07:24+0000,,,,,,,,,,,,,11.1,11.7,1.5793481411858,57.258820977914
1700654845,2023-11-22T12:07:25+0000,,,,,,,,2,3,,,,,,,
1700655489,2023-11-22T12:18:09+0000,,,,,,,,,,,,,11.1,11.8,1.6200566118648,56.38225647115
1700655584,2023-11-22T12:19:44+0000,,,,,,,,,,0,0,0,,,,
1700656089,2023-11-22T12:28:09+0000,,,,,,,,,,,,,11.3,11.9,2.7530354056865,54.739999431045
1700656090,2023-11-22T12:28:10+0000,,,,,,,,2,3,,,,,,,
1700656401,2023-11-22T12:33:21+0000,1023.6,163.6,3970,0,64,,1023.6,,,,,,,,,
1700656737,2023-11-22T12:38:57+0000,,,,,,,,,,,,,11.2,11.9,1.6573358899491,56.18119198689
1700656784,2023-11-22T12:39:44+0000,,,,,,,,,,0,0,0,,,,
1700656785,2023-11-22T12:39:45+0000,,,,,,,,2,3,,,,,,,
1700657337,2023-11-22T12:48:57+0000,,,,,,,,,,,,,11.3,11.9,1.8574490507492,56.144367720991
1700657338,2023-11-22T12:48:58+0000,,,,,,,,2,3,,,,,,,
1700657980,2023-11-22T12:59:40+0000,,,,,,,,,,,,,11.3,12,1.1654050492068,54.837625549287
1700658120,2023-11-22T13:02:00+0000,,,,,,,,,,0,0,0,,,,
1700658201,2023-11-22T13:03:21+0000,1023.5,162,3970,0,64,651600,1023.5,,,,,,,,,
1700658202,2023-11-22T13:03:22+0000,,,,,,,,2,3,,,,,,,
1700658580,2023-11-22T13:09:40+0000,,,,,,,,,,,,,11.4,12.1,2.7088977424129,54.511327187784
1700658581,2023-11-22T13:09:41+0000,,,,,,,,2,3,,,,,,,
1700659225,2023-11-22T13:20:25+0000,,,,,,,,,,,,,11.4,12.1,3.3602332732764,53.024135620836
1700659320,2023-11-22T13:22:00+0000,,,,,,,,,,0,0,0,,,,
1700659825,2023-11-22T13:30:25+0000,,,,,,,,,,,,,11.6,12.2,3.5162087708029,52.831322245248
1700659826,2023-11-22T13:30:26+0000,,,,,,,,2,3,,,,,,,
1700660136,2023-11-22T13:35:36+0000,1023.3,160.3,3970,0,62,,1023.3,,,,,,,,,
1700660470,2023-11-22T13:41:10+0000,,,,,,,,,,,,,11.5,12.1,2.1762584309916,53.462860188364
1700660520,2023-11-22T13:42:00+0000,,,,,,,,,,0,0,0,,,,
1700660521,2023-11-22T13:42:01+0000,,,,,,,,2,3,,,,,,,
1700661070,2023-11-22T13:51:10+0000,,,,,,,,,,,,,11.5,11.9,0.75146195722775,54.233508459975
1700661071,2023-11-22T13:51:11+0000,,,,,,,,2,3,,,,,,,
1700661715,2023-11-22T14:01:55+0000,,,,,,,,,,,,,11.3,11.8,0,56.261015687406
1700661856,2023-11-22T14:04:16+0000,,,,,,,,,,0,0,0,,,,
1700661936,2023-11-22T14:05:36+0000,1023.2,168.7,3970,0,61,655200,1023.2,,,,,,,,,
1700661937,2023-11-22T14:05:37+0000,,,,,,,,2,3,,,,,,,
1700662315,2023-11-22T14:11:55+0000,,,,,,,,,,,,,11.3,11.8,0,58.754076748337
1700662316,2023-11-22T14:11:56+0000,,,,,,,,2,3,,,,,,,
1700662961,2023-11-22T14:22:41+0000,,,,,,,,,,,,,11.2,11.8,0,61.17945217566
1700663056,2023-11-22T14:24:16+0000,,,,,,,,,,0,0,0,,,,
1700663561,2023-11-22T14:32:41+0000,,,,,,,,,,,,,11.3,11.8,0,65.499692711097
1700663562,2023-11-22T14:32:42+0000,,,,,,,,2,3,,,,,,,
1700663874,2023-11-22T14:37:54+0000,1022.9,171.1,3970,0,62,,1022.9,,,,,,,,,
1700664205,2023-11-22T14:43:25+0000,,,,,,,,,,,,,11.1,11.8,0,64.195026479348
1700664256,2023-11-22T14:44:16+0000,,,,,,,,,,0,0,0,,,,
1700664257,2023-11-22T14:44:17+0000,,,,,,,,2,3,,,,,,,
1700664805,2023-11-22T14:53:25+0000,,,,,,,,,,,,,11.2,11.8,0,64.831224366818
1700664806,2023-11-22T14:53:26+0000,,,,,,,,3,3,,,,,,,
1700665450,2023-11-22T15:04:10+0000,,,,,,,,,,,,,11.1,11.8,0,60.531855706074
1700665590,2023-11-22T15:06:30+0000,,,,,,,,,,13,13,12,,,,
1700665674,2023-11-22T15:07:54+0000,1022.7,171.4,3970,0,62,658800,1022.7,,,,,,,,,
1700665675,2023-11-22T15:07:55+0000,,,,,,,,2,3,,,,,,,
1700666050,2023-11-22T15:14:10+0000,,,,,,,,,,,,,11.2,11.8,0,66.166017988396
1700666051,2023-11-22T15:14:11+0000,,,,,,,,2,3,,,,,,,
1700666696,2023-11-22T15:24:56+0000,,,,,,,,,,,,,11.1,11.7,0,68.205847434476
1700666790,2023-11-22T15:26:30+0000,,,,,,,,,,0,0,0,,,,
1700667296,2023-11-22T15:34:56+0000,,,,,,,,,,,,,11.2,11.7,0,68.846560122796
1700667297,2023-11-22T15:34:57+0000,,,,,,,,2,3,,,,,,,
1700667605,2023-11-22T15:40:05+0000,1022.7,171.5,3970,0,63,,1022.7,,,,,,,,,
1700667941,2023-11-22T15:45:41+0000,,,,,,,,,,,,,11.1,11.8,0,69.829819357742
1700667990,2023-11-22T15:46:30+0000,,,,,,,,,,0,0,0,,,,
1700667991,2023-11-22T15:46:31+0000,,,,,,,,2,3,,,,,,,
1700668541,2023-11-22T15:55:41+0000,,,,,,,,,,,,,11.2,11.8,0,71.182856334465
1700668542,2023-11-22T15:55:42+0000,,,,,,,,2,3,,,,,,,
1700669185,2023-11-22T16:06:25+0000,,,,,,,,,,,,,11.1,11.9,0,78.946962557228
1700669328,2023-11-22T16:08:48+0000,,,,,,,,,,0,0,0,,,,
1700669405,2023-11-22T16:10:05+0000,1022.8,168.4,3970,0,63,662400,1022.8,,,,,,,,,
1700669406,2023-11-22T16:10:06+0000,,,,,,,,2,3,,,,,,,
1700669785,2023-11-22T16:16:25+0000,,,,,,,,,,,,,11.3,12,0,78.654006186025
1700669786,2023-11-22T16:16:26+0000,,,,,,,,2,3,,,,,,,
1700670430,2023-11-22T16:27:10+0000,,,,,,,,,,,,,11.3,12,0,72.177140341134
1700670528,2023-11-22T16:28:48+0000,,,,,,,,,,0,0,0,,,,
1700671030,2023-11-22T16:37:10+0000,,,,,,,,,,,,,11.4,12.1,0,69.072673726989
1700671031,2023-11-22T16:37:11+0000,,,,,,,,2,3,,,,,,,
1700671342,2023-11-22T16:42:22+0000,1023,165.1,3970,0,63,,1023,,,,,,,,,
1700671675,2023-11-22T16:47:55+0000,,,,,,,,,,,,,11.3,12,0,65.320945445413
1700671728,2023-11-22T16:48:48+0000,,,,,,,,,,0,0,0,,,,
1700671729,2023-11-22T16:48:49+0000,,,,,,,,2,3,,,,,,,
1700672275,2023-11-22T16:57:55+0000,,,,,,,,,,,,,11.4,11.9,0,63.667624625346
1700672276,2023-11-22T16:57:56+0000,,,,,,,,2,3,,,,,,,
1700672921,2023-11-22T17:08:41+0000,,,,,,,,,,,,,11.3,11.9,0,60.933460213786
1700673061,2023-11-22T17:11:01+0000,,,,,,,,,,0,0,0,,,,
1700673142,2023-11-22T17:12:22+0000,1022.9,166,3970,0,62,666000,1022.9,,,,,,,,,
1700673143,2023-11-22T17:12:23+0000,,,,,,,,2,3,,,,,,,
1700673521,2023-11-22T17:18:41+0000,,,,,,,,,,,,,11.4,11.9,0,61.071016309678
1700673522,2023-11-22T17:18:42+0000,,,,,,,,2,3,,,,,,,
1700674166,2023-11-22T17:29:26+0000,,,,,,,,,,,,,11.3,11.9,0,59.911381542919
1700674261,2023-11-22T17:31:01+0000,,,,,,,,,,0,0,0,,,,
1700674766,2023-11-22T17:39:26+0000,,,,,,,,,,,,,11.4,12,0,60.105559492457
1700674767,2023-11-22T17:39:27+0000,,,,,,,,2,3,,,,,,,
1700675074,2023-11-22T17:44:34+0000,1023.1,165,3970,0,64,,1023.1,,,,,,,,,
1700675411,2023-11-22T17:50:11+0000,,,,,,,,,,,,,11.3,12.1,0,59.092697328489
1700675461,2023-11-22T17:51:01+0000,,,,,,,,,,0,0,0,,,,
1700675462,2023-11-22T17:51:02+0000,,,,,,,,2,3,,,,,,,
1700676011,2023-11-22T18:00:11+0000,,,,,,,,,,,,,11.4,12.1,1.1212673859331,57.007496713921
1700676012,2023-11-22T18:00:12+0000,,,,,,,,2,3,,,,,,,
1700676656,2023-11-22T18:10:56+0000,,,,,,,,,,,,,11.4,12,0.95843350321725,56.152766726621
1700676797,2023-11-22T18:13:17+0000,,,,,,,,,,0,0,0,,,,
1700676874,2023-11-22T18:14:34+0000,1023.3,164.9,3970,0,61,669600,1023.3,,,,,,,,,
1700676875,2023-11-22T18:14:35+0000,,,,,,,,2,3,,,,,,,
1700677256,2023-11-22T18:20:56+0000,,,,,,,,,,,,,11.5,12.1,0,58.538022517641
1700677257,2023-11-22T18:20:57+0000,,,,,,,,2,3,,,,,,,
1700677901,2023-11-22T18:31:41+0000,,,,,,,,,,,,,11.4,12,0.10355561895892,57.29837714517
1700677997,2023-11-22T18:33:17+0000,,,,,,,,,,0,0,0,,,,
1700678501,2023-11-22T18:41:41+0000,,,,,,,,,,,,,11.4,11.9,0,58.641756677576
1700678502,2023-11-22T18:41:42+0000,,,,,,,,2,3,,,,,,,
1700678810,2023-11-22T18:46:50+0000,1023.4,166.5,3970,0,63,,1023.4,,,,,,,,,
1700679146,2023-11-22T18:52:26+0000,,,,,,,,,,,,,11.3,11.9,0,58.243888477685
1700679197,2023-11-22T18:53:17+0000,,,,,,,,,,0,0,0,,,,
1700679198,2023-11-22T18:53:18+0000,,,,,,,,2,3,,,,,,,
1700679746,2023-11-22T19:02:26+0000,,,,,,,,,,,,,11.3,11.8,0,61.430547772761
1700679747,2023-11-22T19:02:27+0000,,,,,,,,2,3,,,,,,,
1700680392,2023-11-22T19:13:12+0000,,,,,,,,,,,,,11.1,11.7,0,62.501479887716
1700680533,2023-11-22T19:15:33+0000,,,,,,,,,,0,0,0,,,,
1700680610,2023-11-22T19:16:50+0000,1023.4,170.6,3970,0,65,673200,1023.4,,,,,,,,,
1700680611,2023-11-22T19:16:51+0000,,,,,,,,2,3,,,,,,,
1700680992,2023-11-22T19:23:12+0000,,,,,,,,,,,,,11.1,11.7,0,65.494736972827
1700680993,2023-11-22T19:23:13+0000,,,,,,,,2,3,,,,,,,
1700681637,2023-11-22T19:33:57+0000,,,,,,,,,,,,,11,11.6,0,70.247674804033
1700681733,2023-11-22T19:35:33+0000,,,,,,,,,,-0,-0,-0,,,,
1700682237,2023-11-22T19:43:57+0000,,,,,,,,,,,,,11.1,11.6,0,75.636179926638
1700682238,2023-11-22T19:43:58+0000,,,,,,,,2,3,,,,,,,
1700682544,2023-11-22T19:49:04+0000,1023.3,172.5,3970,0,63,,1023.3,,,,,,,,,
1700682882,2023-11-22T19:54:42+0000,,,,,,,,,,,,,10.9,11.6,0,80.620750569352
1700682933,2023-11-22T19:55:33+0000,,,,,,,,,,0,0,0,,,,
1700682934,2023-11-22T19:55:34+0000,,,,,,,,2,3,,,,,,,
1700683482,2023-11-22T20:04:42+0000,,,,,,,,,,,,,11,11.6,0,80.749572857459
1700683483,2023-11-22T20:04:43+0000,,,,,,,,2,3,,,,,,,
1700684127,2023-11-22T20:15:27+0000,,,,,,,,,,,,,10.9,11.6,0,77.686928009177
1700684267,2023-11-22T20:17:47+0000,,,,,,,,,,0,0,0,,,,
1700684344,2023-11-22T20:19:04+0000,1023.4,171.2,3970,0,65,676800,1023.4,,,,,,,,,
1700684345,2023-11-22T20:19:05+0000,,,,,,,,2,3,,,,,,,
1700684727,2023-11-22T20:25:27+0000,,,,,,,,,,,,,11,11.6,0,77.058350634309
1700684728,2023-11-22T20:25:28+0000,,,,,,,,2,3,,,,,,,
1700685372,2023-11-22T20:36:12+0000,,,,,,,,,,,,,10.9,11.7,0,74.783525879292
1700685467,2023-11-22T20:37:47+0000,,,,,,,,,,0,0,0,,,,
1700685972,2023-11-22T20:46:12+0000,,,,,,,,,,,,,11,11.8,0,66.915057653979
1700685973,2023-11-22T20:46:13+0000,,,,,,,,2,3,,,,,,,
1700686279,2023-11-22T20:51:19+0000,1023.6,162.2,3970,0,63,,1023.6,,,,,,,,,
1700686620,2023-11-22T20:57:00+0000,,,,,,,,,,,,,11,11.7,1.3385265097067,58.317576017722
1700686667,2023-11-22T20:57:47+0000,,,,,,,,,,0,0,0,,,,
1700686668,2023-11-22T20:57:48+0000,,,,,,,,2,3,,,,,,,
1700687220,2023-11-22T21:07:00+0000,,,,,,,,,,,,,11.1,11.8,3.2076869683445,56.139264085763
1700687221,2023-11-22T21:07:01+0000,,,,,,,,2,3,,,,,,,
1700687862,2023-11-22T21:17:42+0000,,,,,,,,,,,,,11.1,11.8,3.4519377924183,54.477692157024
1700688003,2023-11-22T21:20:03+0000,,,,,,,,,,0,0,0,,,,
1700688079,2023-11-22T21:21:19+0000,1023.7,159.7,3970,0,64,680400,1023.7,,,,,,,,,
1700688080,2023-11-22T21:21:20+0000,,,,,,,,2,3,,,,,,,
1700688462,2023-11-22T21:27:42+0000,,,,,,,,,,,,,11.2,11.8,3.5706340118606,52.923255893886
1700688463,2023-11-22T21:27:43+0000,,,,,,,,2,3,,,,,,,
1700689107,2023-11-22T21:38:27+0000,,,,,,,,,,,,,11.1,11.8,3.940439440566,52.172112169562
1700689203,2023-11-22T21:40:03+0000,,,,,,,,,,0,0,0,,,,
1700689707,2023-11-22T21:48:27+0000,,,,,,,,,,,,,11.2,11.8,4.303386484082,51.64537991987
1700689708,2023-11-22T21:48:28+0000,,,,,,,,2,3,,,,,,,
1700690013,2023-11-22T21:53:33+0000,1023.5,157.4,3970,0,62,,1023.5,,,,,,,,,
1700690353,2023-11-22T21:59:13+0000,,,,,,,,,,,,,11.1,11.8,4.3882326180346,50.743096688864
1700690403,2023-11-22T22:00:03+0000,,,,,,,,,,0,0,0,,,,
1700690404,2023-11-22T22:00:04+0000,,,,,,,,2,3,,,,,,,
1700690953,2023-11-22T22:09:13+0000,,,,,,,,,,,,,11.2,11.8,4.1812610720451,51.331406530472
1700690954,2023-11-22T22:09:14+0000,,,,,,,,2,3,,,,,,,
1700691597,2023-11-22T22:19:57+0000,,,,,,,,,,,,,11.1,11.8,4.6324834421084,50.244454897286
1700691737,2023-11-22T22:22:17+0000,,,,,,,,,,0,0,0,,,,
1700691813,2023-11-22T22:23:33+0000,1023.2,158,3970,0,65,684000,1023.2,,,,,,,,,
1700691814,2023-11-22T22:23:34+0000,,,,,,,,2,3,,,,,,,
1700692197,2023-11-22T22:29:57+0000,,,,,,,,,,,,,11.1,11.7,4.1846902646398,52.145910746206
1700692198,2023-11-22T22:29:58+0000,,,,,,,,2,3,,,,,,,
1700692843,2023-11-22T22:40:43+0000,,,,,,,,,,,,,11,11.6,3.536783926371,51.867355287062
1700692937,2023-11-22T22:42:17+0000,,,,,,,,,,0,0,0,,,,
1700693443,2023-11-22T22:50:43+0000,,,,,,,,,,,,,11,11.6,3.496075455692,54.233924032064
1700693444,2023-11-22T22:50:44+0000,,,,,,,,2,3,,,,,,,
1700693747,2023-11-22T22:55:47+0000,1023.2,160.5,3970,0,62,,1023.2,,,,,,,,,
1700694087,2023-11-22T23:01:27+0000,,,,,,,,,,,,,10.9,11.5,3.8658808843974,54.209611643466
1700694137,2023-11-22T23:02:17+0000,,,,,,,,,,0,0,0,,,,
1700694138,2023-11-22T23:02:18+0000,,,,,,,,2,3,,,,,,,
1700694687,2023-11-22T23:11:27+0000,,,,,,,,,,,,,11,11.5,4.717329576061,54.284624749215
1700694688,2023-11-22T23:11:28+0000,,,,,,,,2,3,,,,,,,
1700695332,2023-11-22T23:22:12+0000,,,,,,,,,,,,,10.8,11.5,5.0905641973611,53.257738237037
1700695471,2023-11-22T23:24:31+0000,,,,,,,,,,0,0,0,,,,
1700695547,2023-11-22T23:25:47+0000,1023.2,157.7,3970,0,64,687600,1023.2,,,,,,,,,
1700695548,2023-11-22T23:25:48+0000,,,,,,,,2,3,,,,,,,
1700695932,2023-11-22T23:32:12+0000,,,,,,,,,,,,,10.9,11.5,5.8198874769878,53.164144220532
1700695933,2023-11-22T23:32:13+0000,,,,,,,,2,3,,,,,,,
1700696576,2023-11-22T23:42:56+0000,,,,,,,,,,,,,10.7,11.4,4.809034095203,52.503781841423
1700696671,2023-11-22T23:44:31+0000,,,,,,,,,,0,0,0,,,,
1700697176,2023-11-22T23:52:56+0000,,,,,,,,,,,,,10.7,11.3,4.809034095203,52.612806541782
1700697177,2023-11-22T23:52:57+0000,,,,,,,,2,3,,,,,,,
1700697480,2023-11-22T23:58:00+0000,1023,158.1,3970,0,63,,1023,,,,,,,,,
